codigo,fecha,variable,valor
HIRI-AUCA-1,2026-10-03 21:13:34,signal,22
HIRI-AUCA-1,2026-10-03 21:13:34,pm10,0
HIRI-AUCA-1,2026-10-03 21:13:34,pm25,0
HIRI-AUCA-1,2026-10-03 21:13:34,pm1,0
HIRI-AUCA-1,2026-10-03 21:13:34,hum,37.2
HIRI-AUCA-1,2026-10-03 21:13:34,temp,20.6
HIRI-AUCA-1,2026-10-03 21:13:34,hum_internal,35.7
HIRI-AUCA-1,2026-10-03 21:13:34,temp_internal,22.4
HIRI-AUCA-1,2026-10-03 21:13:34,relay,0
HIRI-AUCA-2,2026-10-03 21:15:15,signal,29
HIRI-AUCA-2,2026-10-03 21:15:15,pm10,0
HIRI-AUCA-2,2026-10-03 21:15:15,pm25,0
HIRI-AUCA-2,2026-10-03 21:15:15,pm1,0
HIRI-AUCA-2,2026-10-03 21:15:15,hum,44.6
HIRI-AUCA-2,2026-10-03 21:15:15,temp,17.4
HIRI-AUCA-2,2026-10-03 21:15:15,hum_internal,44.2
HIRI-AUCA-2,2026-10-03 21:15:15,temp_internal,18.7
HIRI-AUCA-2,2026-10-03 21:15:15,relay,0
HIRI-AUCA-3,2026-10-03 21:14:33,signal,22
HIRI-AUCA-3,2026-10-03 21:14:33,pm10,1
HIRI-AUCA-3,2026-10-03 21:14:33,pm25,0
HIRI-AUCA-3,2026-10-03 21:14:33,pm1,0
HIRI-AUCA-3,2026-10-03 21:14:33,hum,40.2
HIRI-AUCA-3,2026-10-03 21:14:33,temp,22
HIRI-AUCA-3,2026-10-03 21:14:33,hum_internal,26
HIRI-AUCA-3,2026-10-03 21:14:33,temp_internal,30
HIRI-AUCA-3,2026-10-03 21:14:33,relay,0
HIRI-AUCA-4,2026-10-02 10:59:47,signal,13
HIRI-AUCA-4,2026-10-02 10:59:47,pm10,2
HIRI-AUCA-4,2026-10-02 10:59:47,pm25,2
HIRI-AUCA-4,2026-10-02 10:59:47,pm1,1
HIRI-AUCA-4,2026-10-02 10:59:47,hum,44.6
HIRI-AUCA-4,2026-10-02 10:59:47,temp,15.6
HIRI-AUCA-4,2026-10-02 10:59:47,hum_internal,44.4
HIRI-AUCA-4,2026-10-02 10:59:47,temp_internal,19.4
HIRI-AUCA-4,2026-10-02 10:59:47,relay,0
